link,name,ou
https://pathway.brightspace.com/d2l/p/home/96061,ENG 106 Missionary Preview; (Fall 2017),96061
https://pathway.brightspace.com/d2l/p/home/88074,ENG 106: 1001 (Pathway); Fall 2017,88074
https://pathway.brightspace.com/d2l/p/home/88092,ENG 106: 1002 (Pathway); Fall 2017,88092
https://pathway.brightspace.com/d2l/p/home/88110,ENG 106: 1003 (Pathway); Fall 2017,88110
https://pathway.brightspace.com/d2l/p/home/88111,ENG 106: 1004 (Pathway); Fall 2017,88111
https://pathway.brightspace.com/d2l/p/home/88112,ENG 106: 1005 (Pathway); Fall 2017,88112
https://pathway.brightspace.com/d2l/p/home/88126,ENG 106: 1006 (Pathway); Fall 2017,88126
https://pathway.brightspace.com/d2l/p/home/88131,ENG 106: 1007 (Pathway); Fall 2017,88131
https://pathway.brightspace.com/d2l/p/home/88132,ENG 106: 1008 (Pathway); Fall 2017,88132
https://pathway.brightspace.com/d2l/p/home/88133,ENG 106: 1009 (Pathway); Fall 2017,88133
https://pathway.brightspace.com/d2l/p/home/88134,ENG 106: 1010 (Pathway); Fall 2017,88134
https://pathway.brightspace.com/d2l/p/home/88135,ENG 106: 1011 (Pathway); Fall 2017,88135
https://pathway.brightspace.com/d2l/p/home/88136,ENG 106: 1012 (Pathway); Fall 2017,88136
https://pathway.brightspace.com/d2l/p/home/88137,ENG 106: 1013 (Pathway); Fall 2017,88137
https://pathway.brightspace.com/d2l/p/home/88138,ENG 106: 1014 (Pathway); Fall 2017,88138
https://pathway.brightspace.com/d2l/p/home/88139,ENG 106: 1015 (Pathway); Fall 2017,88139
https://pathway.brightspace.com/d2l/p/home/88140,ENG 106: 1016 (Pathway); Fall 2017,88140
https://pathway.brightspace.com/d2l/p/home/88141,ENG 106: 1017 (Pathway); Fall 2017,88141
https://pathway.brightspace.com/d2l/p/home/88142,ENG 106: 1018 (Pathway); Fall 2017,88142
https://pathway.brightspace.com/d2l/p/home/88143,ENG 106: 1019 (Pathway); Fall 2017,88143
https://pathway.brightspace.com/d2l/p/home/88144,ENG 106: 1020 (Pathway); Fall 2017,88144
https://pathway.brightspace.com/d2l/p/home/88145,ENG 106: 1021 (Pathway); Fall 2017,88145
https://pathway.brightspace.com/d2l/p/home/88146,ENG 106: 1022 (Pathway); Fall 2017,88146
https://pathway.brightspace.com/d2l/p/home/89000,ENG 106: 1023 (Pathway); Fall 2017,89000
https://pathway.brightspace.com/d2l/p/home/89001,ENG 106: 1024 (Pathway); Fall 2017,89001
https://pathway.brightspace.com/d2l/p/home/89002,ENG 106: 1025 (Pathway); Fall 2017,89002
https://pathway.brightspace.com/d2l/p/home/89041,ENG 106: 1026 (Pathway); Fall 2017,89041
https://pathway.brightspace.com/d2l/p/home/89042,ENG 106: 1027 (Pathway); Fall 2017,89042
https://pathway.brightspace.com/d2l/p/home/89043,ENG 106: 1028 (Pathway); Fall 2017,89043
https://pathway.brightspace.com/d2l/p/home/96079,ENG 106L Missionary Preview; (Fall 2017),96079
https://pathway.brightspace.com/d2l/p/home/88147,ENG 106L: 1001 (Pathway); Fall 2017,88147
https://pathway.brightspace.com/d2l/p/home/88148,ENG 106L: 1002 (Pathway); Fall 2017,88148
https://pathway.brightspace.com/d2l/p/home/88149,ENG 106L: 1003 (Pathway); Fall 2017,88149
https://pathway.brightspace.com/d2l/p/home/88150,ENG 106L: 1004 (Pathway); Fall 2017,88150
https://pathway.brightspace.com/d2l/p/home/88151,ENG 106L: 1005 (Pathway); Fall 2017,88151
https://pathway.brightspace.com/d2l/p/home/88152,ENG 106L: 1006 (Pathway); Fall 2017,88152
https://pathway.brightspace.com/d2l/p/home/88153,ENG 106L: 1007 (Pathway); Fall 2017,88153
https://pathway.brightspace.com/d2l/p/home/88154,ENG 106L: 1008 (Pathway); Fall 2017,88154
https://pathway.brightspace.com/d2l/p/home/88161,ENG 106L: 1009 (Pathway); Fall 2017,88161
https://pathway.brightspace.com/d2l/p/home/88169,ENG 106L: 1010 (Pathway); Fall 2017,88169
https://pathway.brightspace.com/d2l/p/home/88170,ENG 106L: 1011 (Pathway); Fall 2017,88170
https://pathway.brightspace.com/d2l/p/home/88171,ENG 106L: 1012 (Pathway); Fall 2017,88171
https://pathway.brightspace.com/d2l/p/home/88172,ENG 106L: 1013 (Pathway); Fall 2017,88172
https://pathway.brightspace.com/d2l/p/home/88173,ENG 106L: 1014 (Pathway); Fall 2017,88173
https://pathway.brightspace.com/d2l/p/home/89003,ENG 106L: 1015 (Pathway); Fall 2017,89003
https://pathway.brightspace.com/d2l/p/home/95949,FDREL 121 Missionary Preview; (Fall 2017),95949
https://pathway.brightspace.com/d2l/p/home/88174,FDREL 121: 1001 (Pathway); Fall 2017,88174
https://pathway.brightspace.com/d2l/p/home/88175,FDREL 121: 1002 (Pathway); Fall 2017,88175
https://pathway.brightspace.com/d2l/p/home/88186,FDREL 121: 1004 (Pathway); Fall 2017,88186
https://pathway.brightspace.com/d2l/p/home/88187,FDREL 121: 1005 (Pathway); Fall 2017,88187
https://pathway.brightspace.com/d2l/p/home/88188,FDREL 121: 1006 (Pathway); Fall 2017,88188
https://pathway.brightspace.com/d2l/p/home/88189,FDREL 121: 1007 (Pathway); Fall 2017,88189
https://pathway.brightspace.com/d2l/p/home/88190,FDREL 121: 1008 (Pathway); Fall 2017,88190
https://pathway.brightspace.com/d2l/p/home/88191,FDREL 121: 1009 (Pathway); Fall 2017,88191
https://pathway.brightspace.com/d2l/p/home/88192,FDREL 121: 1010 (Pathway); Fall 2017,88192
https://pathway.brightspace.com/d2l/p/home/88193,FDREL 121: 1011 (Pathway); Fall 2017,88193
https://pathway.brightspace.com/d2l/p/home/88194,FDREL 121: 1012 (Pathway); Fall 2017,88194
https://pathway.brightspace.com/d2l/p/home/88212,FDREL 121: 1013 (Pathway); Fall 2017,88212
https://pathway.brightspace.com/d2l/p/home/88214,FDREL 121: 1015 (Pathway); Fall 2017,88214
https://pathway.brightspace.com/d2l/p/home/88215,FDREL 121: 1016 (Pathway); Fall 2017,88215
https://pathway.brightspace.com/d2l/p/home/88216,FDREL 121: 1017 (Pathway); Fall 2017,88216
https://pathway.brightspace.com/d2l/p/home/88217,FDREL 121: 1018 (Pathway); Fall 2017,88217
https://pathway.brightspace.com/d2l/p/home/88218,FDREL 121: 1019 (Pathway); Fall 2017,88218
https://pathway.brightspace.com/d2l/p/home/88219,FDREL 121: 1020 (Pathway); Fall 2017,88219
https://pathway.brightspace.com/d2l/p/home/88225,FDREL 121: 1021 (Pathway); Fall 2017,88225
https://pathway.brightspace.com/d2l/p/home/88231,FDREL 121: 1022 (Pathway); Fall 2017,88231
https://pathway.brightspace.com/d2l/p/home/88232,FDREL 121: 1023 (Pathway); Fall 2017,88232
https://pathway.brightspace.com/d2l/p/home/88233,FDREL 121: 1024 (Pathway); Fall 2017,88233
https://pathway.brightspace.com/d2l/p/home/88234,FDREL 121: 1025 (Pathway); Fall 2017,88234
https://pathway.brightspace.com/d2l/p/home/88235,FDREL 121: 1026 (Pathway); Fall 2017,88235
https://pathway.brightspace.com/d2l/p/home/88236,FDREL 121: 1027 (Pathway); Fall 2017,88236
https://pathway.brightspace.com/d2l/p/home/88237,FDREL 121: 1029 (Pathway); Fall 2017,88237
https://pathway.brightspace.com/d2l/p/home/88238,FDREL 121: 1030 (Pathway); Fall 2017,88238
https://pathway.brightspace.com/d2l/p/home/88239,FDREL 121: 1031 (Pathway); Fall 2017,88239
https://pathway.brightspace.com/d2l/p/home/88240,FDREL 121: 1032 (Pathway); Fall 2017,88240
https://pathway.brightspace.com/d2l/p/home/88241,FDREL 121: 1033 (Pathway); Fall 2017,88241
https://pathway.brightspace.com/d2l/p/home/88242,FDREL 121: 1034 (Pathway); Fall 2017,88242
https://pathway.brightspace.com/d2l/p/home/88243,FDREL 121: 1035 (Pathway); Fall 2017,88243
https://pathway.brightspace.com/d2l/p/home/88244,FDREL 121: 1036 (Pathway); Fall 2017,88244
https://pathway.brightspace.com/d2l/p/home/88245,FDREL 121: 1037 (Pathway); Fall 2017,88245
https://pathway.brightspace.com/d2l/p/home/88246,FDREL 121: 1038 (Pathway); Fall 2017,88246
https://pathway.brightspace.com/d2l/p/home/88247,FDREL 121: 1039 (Pathway); Fall 2017,88247
https://pathway.brightspace.com/d2l/p/home/88248,FDREL 121: 1040 (Pathway); Fall 2017,88248
https://pathway.brightspace.com/d2l/p/home/88249,FDREL 121: 1041 (Pathway); Fall 2017,88249
https://pathway.brightspace.com/d2l/p/home/88250,FDREL 121: 1042 (Pathway); Fall 2017,88250
https://pathway.brightspace.com/d2l/p/home/88251,FDREL 121: 1043 (Pathway); Fall 2017,88251
https://pathway.brightspace.com/d2l/p/home/88252,FDREL 121: 1044 (Pathway); Fall 2017,88252
https://pathway.brightspace.com/d2l/p/home/88253,FDREL 121: 1045 (Pathway); Fall 2017,88253
https://pathway.brightspace.com/d2l/p/home/88254,FDREL 121: 1046 (Pathway); Fall 2017,88254
https://pathway.brightspace.com/d2l/p/home/88265,FDREL 121: 1047 (Pathway); Fall 2017,88265
https://pathway.brightspace.com/d2l/p/home/88275,FDREL 121: 1048 (Pathway); Fall 2017,88275
https://pathway.brightspace.com/d2l/p/home/88287,FDREL 121: 1049 (Pathway); Fall 2017,88287
https://pathway.brightspace.com/d2l/p/home/88298,FDREL 121: 1050 (Pathway); Fall 2017,88298
https://pathway.brightspace.com/d2l/p/home/88299,FDREL 121: 1051 (Pathway); Fall 2017,88299
https://pathway.brightspace.com/d2l/p/home/88300,FDREL 121: 1052 (Pathway); Fall 2017,88300
https://pathway.brightspace.com/d2l/p/home/88301,FDREL 121: 1053 (Pathway); Fall 2017,88301
https://pathway.brightspace.com/d2l/p/home/88302,FDREL 121: 1054 (Pathway); Fall 2017,88302
https://pathway.brightspace.com/d2l/p/home/88303,FDREL 121: 1055 (Pathway); Fall 2017,88303
https://pathway.brightspace.com/d2l/p/home/88304,FDREL 121: 1056 (Pathway); Fall 2017,88304
https://pathway.brightspace.com/d2l/p/home/88305,FDREL 121: 1057 (Pathway); Fall 2017,88305
https://pathway.brightspace.com/d2l/p/home/88306,FDREL 121: 1058 (Pathway); Fall 2017,88306
https://pathway.brightspace.com/d2l/p/home/88307,FDREL 121: 1059 (Pathway); Fall 2017,88307
https://pathway.brightspace.com/d2l/p/home/88309,FDREL 121: 1061 (Pathway); Fall 2017,88309
https://pathway.brightspace.com/d2l/p/home/88310,FDREL 121: 1062 (Pathway); Fall 2017,88310
https://pathway.brightspace.com/d2l/p/home/88311,FDREL 121: 1065 (Pathway); Fall 2017,88311
https://pathway.brightspace.com/d2l/p/home/88322,FDREL 121: 1066 (Pathway); Fall 2017,88322
https://pathway.brightspace.com/d2l/p/home/88323,FDREL 121: 1067 (Pathway); Fall 2017,88323
https://pathway.brightspace.com/d2l/p/home/88324,FDREL 121: 1068 (Pathway); Fall 2017,88324
https://pathway.brightspace.com/d2l/p/home/88325,FDREL 121: 1069 (Pathway); Fall 2017,88325
https://pathway.brightspace.com/d2l/p/home/88326,FDREL 121: 1070 (Pathway); Fall 2017,88326
https://pathway.brightspace.com/d2l/p/home/88327,FDREL 121: 1071 (Pathway); Fall 2017,88327
https://pathway.brightspace.com/d2l/p/home/88328,FDREL 121: 1072 (Pathway); Fall 2017,88328
https://pathway.brightspace.com/d2l/p/home/88329,FDREL 121: 1073 (Pathway); Fall 2017,88329
https://pathway.brightspace.com/d2l/p/home/88330,FDREL 121: 1074 (Pathway); Fall 2017,88330
https://pathway.brightspace.com/d2l/p/home/88331,FDREL 121: 1075 (Pathway); Fall 2017,88331
https://pathway.brightspace.com/d2l/p/home/88333,FDREL 121: 1077 (Pathway); Fall 2017,88333
https://pathway.brightspace.com/d2l/p/home/88334,FDREL 121: 1078 (Pathway); Fall 2017,88334
https://pathway.brightspace.com/d2l/p/home/88335,FDREL 121: 1079 (Pathway); Fall 2017,88335
https://pathway.brightspace.com/d2l/p/home/88336,FDREL 121: 1081 (Pathway); Fall 2017,88336
https://pathway.brightspace.com/d2l/p/home/88337,FDREL 121: 1082 (Pathway); Fall 2017,88337
https://pathway.brightspace.com/d2l/p/home/88338,FDREL 121: 1086 (Pathway); Fall 2017,88338
https://pathway.brightspace.com/d2l/p/home/88339,FDREL 121: 1087 (Pathway); Fall 2017,88339
https://pathway.brightspace.com/d2l/p/home/88340,FDREL 121: 1088 (Pathway); Fall 2017,88340
https://pathway.brightspace.com/d2l/p/home/88341,FDREL 121: 1089 (Pathway); Fall 2017,88341
https://pathway.brightspace.com/d2l/p/home/88342,FDREL 121: 1090 (Pathway); Fall 2017,88342
https://pathway.brightspace.com/d2l/p/home/88343,FDREL 121: 1091 (Pathway); Fall 2017,88343
https://pathway.brightspace.com/d2l/p/home/88344,FDREL 121: 1093 (Pathway); Fall 2017,88344
https://pathway.brightspace.com/d2l/p/home/88345,FDREL 121: 1094 (Pathway); Fall 2017,88345
https://pathway.brightspace.com/d2l/p/home/88346,FDREL 121: 1095 (Pathway); Fall 2017,88346
https://pathway.brightspace.com/d2l/p/home/88347,FDREL 121: 1096 (Pathway); Fall 2017,88347
https://pathway.brightspace.com/d2l/p/home/88348,FDREL 121: 1097 (Pathway); Fall 2017,88348
https://pathway.brightspace.com/d2l/p/home/88358,FDREL 121: 1098 (Pathway); Fall 2017,88358
https://pathway.brightspace.com/d2l/p/home/88367,FDREL 121: 1099 (Pathway); Fall 2017,88367
https://pathway.brightspace.com/d2l/p/home/88382,FDREL 121: 1102 (Pathway); Fall 2017,88382
https://pathway.brightspace.com/d2l/p/home/88383,FDREL 121: 1103 (Pathway); Fall 2017,88383
https://pathway.brightspace.com/d2l/p/home/88384,FDREL 121: 1104 (Pathway); Fall 2017,88384
https://pathway.brightspace.com/d2l/p/home/88964,FDREL 121: 1223 (Pathway); Fall 2017,88964
https://pathway.brightspace.com/d2l/p/home/95960,FDREL 122 Missionary Preview; (Fall 2017),95960
https://pathway.brightspace.com/d2l/p/home/88395,FDREL 122: 1111 (Pathway); Fall 2017,88395
https://pathway.brightspace.com/d2l/p/home/88401,FDREL 122: 1112 (Pathway); Fall 2017,88401
https://pathway.brightspace.com/d2l/p/home/88952,FDREL 122: 1113 (Pathway); Fall 2017,88952
https://pathway.brightspace.com/d2l/p/home/88958,FDREL 122: 1114 (Pathway); Fall 2017,88958
https://pathway.brightspace.com/d2l/p/home/95971,FDREL 250 Missionary Preview; (Fall 2017),95971
https://pathway.brightspace.com/d2l/p/home/88213,FDREL 250: 1014 (Pathway); Fall 2017,88213
https://pathway.brightspace.com/d2l/p/home/88308,FDREL 250: 1060 (Pathway); Fall 2017,88308
https://pathway.brightspace.com/d2l/p/home/88980,FDREL 250: 1224 (Pathway); Fall 2017,88980
https://pathway.brightspace.com/d2l/p/home/88992,FDREL 250: 1225 (Pathway); Fall 2017,88992
https://pathway.brightspace.com/d2l/p/home/88993,FDREL 250: 1226 (Pathway); Fall 2017,88993
https://pathway.brightspace.com/d2l/p/home/88994,FDREL 250: 1227 (Pathway); Fall 2017,88994
https://pathway.brightspace.com/d2l/p/home/88995,FDREL 250: 1228 (Pathway); Fall 2017,88995
https://pathway.brightspace.com/d2l/p/home/88996,FDREL 250: 1229 (Pathway); Fall 2017,88996
https://pathway.brightspace.com/d2l/p/home/88997,FDREL 250: 1230 (Pathway); Fall 2017,88997
https://pathway.brightspace.com/d2l/p/home/88998,FDREL 250: 1231 (Pathway); Fall 2017,88998
https://pathway.brightspace.com/d2l/p/home/88999,FDREL 250: 1232 (Pathway); Fall 2017,88999
https://pathway.brightspace.com/d2l/p/home/89044,FDREL 250: 1233 (Pathway); Fall 2017,89044
https://pathway.brightspace.com/d2l/p/home/95972,GS 120 Missionary Preview; (Fall 2017),95972
https://pathway.brightspace.com/d2l/p/home/88407,GS 120: 1001 (Pathway); Fall 2017,88407
https://pathway.brightspace.com/d2l/p/home/88408,GS 120: 1002 (Pathway); Fall 2017,88408
https://pathway.brightspace.com/d2l/p/home/88409,GS 120: 1003 (Pathway); Fall 2017,88409
https://pathway.brightspace.com/d2l/p/home/88410,GS 120: 1004 (Pathway); Fall 2017,88410
https://pathway.brightspace.com/d2l/p/home/88427,GS 120: 1005 (Pathway); Fall 2017,88427
https://pathway.brightspace.com/d2l/p/home/88428,GS 120: 1006 (Pathway); Fall 2017,88428
https://pathway.brightspace.com/d2l/p/home/88429,GS 120: 1007 (Pathway); Fall 2017,88429
https://pathway.brightspace.com/d2l/p/home/88430,GS 120: 1008 (Pathway); Fall 2017,88430
https://pathway.brightspace.com/d2l/p/home/88431,GS 120: 1009 (Pathway); Fall 2017,88431
https://pathway.brightspace.com/d2l/p/home/88432,GS 120: 1010 (Pathway); Fall 2017,88432
https://pathway.brightspace.com/d2l/p/home/88433,GS 120: 1011 (Pathway); Fall 2017,88433
https://pathway.brightspace.com/d2l/p/home/88434,GS 120: 1012 (Pathway); Fall 2017,88434
https://pathway.brightspace.com/d2l/p/home/88435,GS 120: 1013 (Pathway); Fall 2017,88435
https://pathway.brightspace.com/d2l/p/home/88436,GS 120: 1014 (Pathway); Fall 2017,88436
https://pathway.brightspace.com/d2l/p/home/88437,GS 120: 1015 (Pathway); Fall 2017,88437
https://pathway.brightspace.com/d2l/p/home/88438,GS 120: 1016 (Pathway); Fall 2017,88438
https://pathway.brightspace.com/d2l/p/home/88439,GS 120: 1017 (Pathway); Fall 2017,88439
https://pathway.brightspace.com/d2l/p/home/88440,GS 120: 1018 (Pathway); Fall 2017,88440
https://pathway.brightspace.com/d2l/p/home/88441,GS 120: 1019 (Pathway); Fall 2017,88441
https://pathway.brightspace.com/d2l/p/home/88442,GS 120: 1020 (Pathway); Fall 2017,88442
https://pathway.brightspace.com/d2l/p/home/88443,GS 120: 1021 (Pathway); Fall 2017,88443
https://pathway.brightspace.com/d2l/p/home/88444,GS 120: 1022 (Pathway); Fall 2017,88444
https://pathway.brightspace.com/d2l/p/home/88445,GS 120: 1023 (Pathway); Fall 2017,88445
https://pathway.brightspace.com/d2l/p/home/88446,GS 120: 1024 (Pathway); Fall 2017,88446
https://pathway.brightspace.com/d2l/p/home/88447,GS 120: 1025 (Pathway); Fall 2017,88447
https://pathway.brightspace.com/d2l/p/home/88448,GS 120: 1026 (Pathway); Fall 2017,88448
https://pathway.brightspace.com/d2l/p/home/88449,GS 120: 1027 (Pathway); Fall 2017,88449
https://pathway.brightspace.com/d2l/p/home/88450,GS 120: 1028 (Pathway); Fall 2017,88450
https://pathway.brightspace.com/d2l/p/home/88451,GS 120: 1029 (Pathway); Fall 2017,88451
https://pathway.brightspace.com/d2l/p/home/88452,GS 120: 1030 (Pathway); Fall 2017,88452
https://pathway.brightspace.com/d2l/p/home/88453,GS 120: 1031 (Pathway); Fall 2017,88453
https://pathway.brightspace.com/d2l/p/home/88454,GS 120: 1032 (Pathway); Fall 2017,88454
https://pathway.brightspace.com/d2l/p/home/88455,GS 120: 1033 (Pathway); Fall 2017,88455
https://pathway.brightspace.com/d2l/p/home/88456,GS 120: 1034 (Pathway); Fall 2017,88456
https://pathway.brightspace.com/d2l/p/home/88457,GS 120: 1035 (Pathway); Fall 2017,88457
https://pathway.brightspace.com/d2l/p/home/88458,GS 120: 1036 (Pathway); Fall 2017,88458
https://pathway.brightspace.com/d2l/p/home/88469,GS 120: 1037 (Pathway); Fall 2017,88469
https://pathway.brightspace.com/d2l/p/home/88470,GS 120: 1038 (Pathway); Fall 2017,88470
https://pathway.brightspace.com/d2l/p/home/88476,GS 120: 1039 (Pathway); Fall 2017,88476
https://pathway.brightspace.com/d2l/p/home/88489,GS 120: 1040 (Pathway); Fall 2017,88489
https://pathway.brightspace.com/d2l/p/home/88490,GS 120: 1041 (Pathway); Fall 2017,88490
https://pathway.brightspace.com/d2l/p/home/88491,GS 120: 1042 (Pathway); Fall 2017,88491
https://pathway.brightspace.com/d2l/p/home/88492,GS 120: 1043 (Pathway); Fall 2017,88492
https://pathway.brightspace.com/d2l/p/home/88493,GS 120: 1044 (Pathway); Fall 2017,88493
https://pathway.brightspace.com/d2l/p/home/88494,GS 120: 1045 (Pathway); Fall 2017,88494
https://pathway.brightspace.com/d2l/p/home/88495,GS 120: 1046 (Pathway); Fall 2017,88495
https://pathway.brightspace.com/d2l/p/home/88496,GS 120: 1047 (Pathway); Fall 2017,88496
https://pathway.brightspace.com/d2l/p/home/88497,GS 120: 1048 (Pathway); Fall 2017,88497
https://pathway.brightspace.com/d2l/p/home/88498,GS 120: 1049 (Pathway); Fall 2017,88498
https://pathway.brightspace.com/d2l/p/home/88499,GS 120: 1050 (Pathway); Fall 2017,88499
https://pathway.brightspace.com/d2l/p/home/88500,GS 120: 1051 (Pathway); Fall 2017,88500
https://pathway.brightspace.com/d2l/p/home/88501,GS 120: 1052 (Pathway); Fall 2017,88501
https://pathway.brightspace.com/d2l/p/home/88502,GS 120: 1053 (Pathway); Fall 2017,88502
https://pathway.brightspace.com/d2l/p/home/88503,GS 120: 1054 (Pathway); Fall 2017,88503
https://pathway.brightspace.com/d2l/p/home/88504,GS 120: 1055 (Pathway); Fall 2017,88504
https://pathway.brightspace.com/d2l/p/home/88505,GS 120: 1056 (Pathway); Fall 2017,88505
https://pathway.brightspace.com/d2l/p/home/88506,GS 120: 1057 (Pathway); Fall 2017,88506
https://pathway.brightspace.com/d2l/p/home/88512,GS 120: 1058 (Pathway); Fall 2017,88512
https://pathway.brightspace.com/d2l/p/home/88524,GS 120: 1059 (Pathway); Fall 2017,88524
https://pathway.brightspace.com/d2l/p/home/88525,GS 120: 1060 (Pathway); Fall 2017,88525
https://pathway.brightspace.com/d2l/p/home/88526,GS 120: 1061 (Pathway); Fall 2017,88526
https://pathway.brightspace.com/d2l/p/home/88527,GS 120: 1062 (Pathway); Fall 2017,88527
https://pathway.brightspace.com/d2l/p/home/88528,GS 120: 1063 (Pathway); Fall 2017,88528
https://pathway.brightspace.com/d2l/p/home/88529,GS 120: 1064 (Pathway); Fall 2017,88529
https://pathway.brightspace.com/d2l/p/home/88530,GS 120: 1065 (Pathway); Fall 2017,88530
https://pathway.brightspace.com/d2l/p/home/88531,GS 120: 1066 (Pathway); Fall 2017,88531
https://pathway.brightspace.com/d2l/p/home/88532,GS 120: 1067 (Pathway); Fall 2017,88532
https://pathway.brightspace.com/d2l/p/home/88533,GS 120: 1068 (Pathway); Fall 2017,88533
https://pathway.brightspace.com/d2l/p/home/88534,GS 120: 1069 (Pathway); Fall 2017,88534
https://pathway.brightspace.com/d2l/p/home/88535,GS 120: 1070 (Pathway); Fall 2017,88535
https://pathway.brightspace.com/d2l/p/home/88536,GS 120: 1071 (Pathway); Fall 2017,88536
https://pathway.brightspace.com/d2l/p/home/88537,GS 120: 1072 (Pathway); Fall 2017,88537
https://pathway.brightspace.com/d2l/p/home/88538,GS 120: 1073 (Pathway); Fall 2017,88538
https://pathway.brightspace.com/d2l/p/home/88539,GS 120: 1074 (Pathway); Fall 2017,88539
https://pathway.brightspace.com/d2l/p/home/88540,GS 120: 1075 (Pathway); Fall 2017,88540
https://pathway.brightspace.com/d2l/p/home/88541,GS 120: 1076 (Pathway); Fall 2017,88541
https://pathway.brightspace.com/d2l/p/home/88542,GS 120: 1077 (Pathway); Fall 2017,88542
https://pathway.brightspace.com/d2l/p/home/88543,GS 120: 1078 (Pathway); Fall 2017,88543
https://pathway.brightspace.com/d2l/p/home/88544,GS 120: 1079 (Pathway); Fall 2017,88544
https://pathway.brightspace.com/d2l/p/home/88545,GS 120: 1080 (Pathway); Fall 2017,88545
https://pathway.brightspace.com/d2l/p/home/88546,GS 120: 1081 (Pathway); Fall 2017,88546
https://pathway.brightspace.com/d2l/p/home/88547,GS 120: 1082 (Pathway); Fall 2017,88547
https://pathway.brightspace.com/d2l/p/home/88548,GS 120: 1083 (Pathway); Fall 2017,88548
https://pathway.brightspace.com/d2l/p/home/88549,GS 120: 1084 (Pathway); Fall 2017,88549
https://pathway.brightspace.com/d2l/p/home/88550,GS 120: 1085 (Pathway); Fall 2017,88550
https://pathway.brightspace.com/d2l/p/home/88551,GS 120: 1086 (Pathway); Fall 2017,88551
https://pathway.brightspace.com/d2l/p/home/88572,GS 120: 1087 (Pathway); Fall 2017,88572
https://pathway.brightspace.com/d2l/p/home/88573,GS 120: 1088 (Pathway); Fall 2017,88573
https://pathway.brightspace.com/d2l/p/home/88574,GS 120: 1089 (Pathway); Fall 2017,88574
https://pathway.brightspace.com/d2l/p/home/88575,GS 120: 1090 (Pathway); Fall 2017,88575
https://pathway.brightspace.com/d2l/p/home/88579,GS 120: 1091 (Pathway); Fall 2017,88579
https://pathway.brightspace.com/d2l/p/home/88590,GS 120: 1092 (Pathway); Fall 2017,88590
https://pathway.brightspace.com/d2l/p/home/88591,GS 120: 1093 (Pathway); Fall 2017,88591
https://pathway.brightspace.com/d2l/p/home/88592,GS 120: 1094 (Pathway); Fall 2017,88592
https://pathway.brightspace.com/d2l/p/home/88593,GS 120: 1095 (Pathway); Fall 2017,88593
https://pathway.brightspace.com/d2l/p/home/88594,GS 120: 1096 (Pathway); Fall 2017,88594
https://pathway.brightspace.com/d2l/p/home/88595,GS 120: 1097 (Pathway); Fall 2017,88595
https://pathway.brightspace.com/d2l/p/home/88596,GS 120: 1098 (Pathway); Fall 2017,88596
https://pathway.brightspace.com/d2l/p/home/88597,GS 120: 1099 (Pathway); Fall 2017,88597
https://pathway.brightspace.com/d2l/p/home/88598,GS 120: 1100 (Pathway); Fall 2017,88598
https://pathway.brightspace.com/d2l/p/home/88599,GS 120: 1101 (Pathway); Fall 2017,88599
https://pathway.brightspace.com/d2l/p/home/88600,GS 120: 1102 (Pathway); Fall 2017,88600
https://pathway.brightspace.com/d2l/p/home/88601,GS 120: 1103 (Pathway); Fall 2017,88601
https://pathway.brightspace.com/d2l/p/home/88602,GS 120: 1104 (Pathway); Fall 2017,88602
https://pathway.brightspace.com/d2l/p/home/88603,GS 120: 1105 (Pathway); Fall 2017,88603
https://pathway.brightspace.com/d2l/p/home/88604,GS 120: 1106 (Pathway); Fall 2017,88604
https://pathway.brightspace.com/d2l/p/home/88605,GS 120: 1107 (Pathway); Fall 2017,88605
https://pathway.brightspace.com/d2l/p/home/88606,GS 120: 1108 (Pathway); Fall 2017,88606
https://pathway.brightspace.com/d2l/p/home/88607,GS 120: 1109 (Pathway); Fall 2017,88607
https://pathway.brightspace.com/d2l/p/home/88608,GS 120: 1110 (Pathway); Fall 2017,88608
https://pathway.brightspace.com/d2l/p/home/88609,GS 120: 1111 (Pathway); Fall 2017,88609
https://pathway.brightspace.com/d2l/p/home/88610,GS 120: 1112 (Pathway); Fall 2017,88610
https://pathway.brightspace.com/d2l/p/home/88611,GS 120: 1113 (Pathway); Fall 2017,88611
https://pathway.brightspace.com/d2l/p/home/88612,GS 120: 1114 (Pathway); Fall 2017,88612
https://pathway.brightspace.com/d2l/p/home/88613,GS 120: 1115 (Pathway); Fall 2017,88613
https://pathway.brightspace.com/d2l/p/home/88614,GS 120: 1116 (Pathway); Fall 2017,88614
https://pathway.brightspace.com/d2l/p/home/88620,GS 120: 1117 (Pathway); Fall 2017,88620
https://pathway.brightspace.com/d2l/p/home/88632,GS 120: 1118 (Pathway); Fall 2017,88632
https://pathway.brightspace.com/d2l/p/home/88633,GS 120: 1119 (Pathway); Fall 2017,88633
https://pathway.brightspace.com/d2l/p/home/88634,GS 120: 1120 (Pathway); Fall 2017,88634
https://pathway.brightspace.com/d2l/p/home/88635,GS 120: 1121 (Pathway); Fall 2017,88635
https://pathway.brightspace.com/d2l/p/home/88636,GS 120: 1122 (Pathway); Fall 2017,88636
https://pathway.brightspace.com/d2l/p/home/88637,GS 120: 1123 (Pathway); Fall 2017,88637
https://pathway.brightspace.com/d2l/p/home/88638,GS 120: 1124 (Pathway); Fall 2017,88638
https://pathway.brightspace.com/d2l/p/home/88639,GS 120: 1125 (Pathway); Fall 2017,88639
https://pathway.brightspace.com/d2l/p/home/88640,GS 120: 1126 (Pathway); Fall 2017,88640
https://pathway.brightspace.com/d2l/p/home/88641,GS 120: 1127 (Pathway); Fall 2017,88641
https://pathway.brightspace.com/d2l/p/home/88642,GS 120: 1128 (Pathway); Fall 2017,88642
https://pathway.brightspace.com/d2l/p/home/88643,GS 120: 1129 (Pathway); Fall 2017,88643
https://pathway.brightspace.com/d2l/p/home/88644,GS 120: 1130 (Pathway); Fall 2017,88644
https://pathway.brightspace.com/d2l/p/home/88645,GS 120: 1131 (Pathway); Fall 2017,88645
https://pathway.brightspace.com/d2l/p/home/88646,GS 120: 1132 (Pathway); Fall 2017,88646
https://pathway.brightspace.com/d2l/p/home/88647,GS 120: 1133 (Pathway); Fall 2017,88647
https://pathway.brightspace.com/d2l/p/home/88648,GS 120: 1134 (Pathway); Fall 2017,88648
https://pathway.brightspace.com/d2l/p/home/88649,GS 120: 1135 (Pathway); Fall 2017,88649
https://pathway.brightspace.com/d2l/p/home/88650,GS 120: 1136 (Pathway); Fall 2017,88650
https://pathway.brightspace.com/d2l/p/home/88651,GS 120: 1137 (Pathway); Fall 2017,88651
https://pathway.brightspace.com/d2l/p/home/88652,GS 120: 1138 (Pathway); Fall 2017,88652
https://pathway.brightspace.com/d2l/p/home/88653,GS 120: 1139 (Pathway); Fall 2017,88653
https://pathway.brightspace.com/d2l/p/home/88654,GS 120: 1140 (Pathway); Fall 2017,88654
https://pathway.brightspace.com/d2l/p/home/88655,GS 120: 1141 (Pathway); Fall 2017,88655
https://pathway.brightspace.com/d2l/p/home/88656,GS 120: 1142 (Pathway); Fall 2017,88656
https://pathway.brightspace.com/d2l/p/home/88657,GS 120: 1143 (Pathway); Fall 2017,88657
https://pathway.brightspace.com/d2l/p/home/88658,GS 120: 1144 (Pathway); Fall 2017,88658
https://pathway.brightspace.com/d2l/p/home/88659,GS 120: 1145 (Pathway); Fall 2017,88659
https://pathway.brightspace.com/d2l/p/home/88660,GS 120: 1146 (Pathway); Fall 2017,88660
https://pathway.brightspace.com/d2l/p/home/88661,GS 120: 1147 (Pathway); Fall 2017,88661
https://pathway.brightspace.com/d2l/p/home/88662,GS 120: 1148 (Pathway); Fall 2017,88662
https://pathway.brightspace.com/d2l/p/home/88663,GS 120: 1149 (Pathway); Fall 2017,88663
https://pathway.brightspace.com/d2l/p/home/88664,GS 120: 1150 (Pathway); Fall 2017,88664
https://pathway.brightspace.com/d2l/p/home/88665,GS 120: 1151 (Pathway); Fall 2017,88665
https://pathway.brightspace.com/d2l/p/home/88666,GS 120: 1152 (Pathway); Fall 2017,88666
https://pathway.brightspace.com/d2l/p/home/88667,GS 120: 1153 (Pathway); Fall 2017,88667
https://pathway.brightspace.com/d2l/p/home/88670,GS 120: 1156 (Pathway); Fall 2017,88670
https://pathway.brightspace.com/d2l/p/home/88671,GS 120: 1157 (Pathway); Fall 2017,88671
https://pathway.brightspace.com/d2l/p/home/88672,GS 120: 1158 (Pathway); Fall 2017,88672
https://pathway.brightspace.com/d2l/p/home/88673,GS 120: 1159 (Pathway); Fall 2017,88673
https://pathway.brightspace.com/d2l/p/home/88674,GS 120: 1160 (Pathway); Fall 2017,88674
https://pathway.brightspace.com/d2l/p/home/88680,GS 120: 1161 (Pathway); Fall 2017,88680
https://pathway.brightspace.com/d2l/p/home/88692,GS 120: 1162 (Pathway); Fall 2017,88692
https://pathway.brightspace.com/d2l/p/home/88693,GS 120: 1163 (Pathway); Fall 2017,88693
https://pathway.brightspace.com/d2l/p/home/88694,GS 120: 1164 (Pathway); Fall 2017,88694
https://pathway.brightspace.com/d2l/p/home/88695,GS 120: 1165 (Pathway); Fall 2017,88695
https://pathway.brightspace.com/d2l/p/home/88696,GS 120: 1166 (Pathway); Fall 2017,88696
https://pathway.brightspace.com/d2l/p/home/88697,GS 120: 1167 (Pathway); Fall 2017,88697
https://pathway.brightspace.com/d2l/p/home/88698,GS 120: 1168 (Pathway); Fall 2017,88698
https://pathway.brightspace.com/d2l/p/home/88699,GS 120: 1169 (Pathway); Fall 2017,88699
https://pathway.brightspace.com/d2l/p/home/88700,GS 120: 1170 (Pathway); Fall 2017,88700
https://pathway.brightspace.com/d2l/p/home/88701,GS 120: 1171 (Pathway); Fall 2017,88701
https://pathway.brightspace.com/d2l/p/home/88702,GS 120: 1172 (Pathway); Fall 2017,88702
https://pathway.brightspace.com/d2l/p/home/88703,GS 120: 1173 (Pathway); Fall 2017,88703
https://pathway.brightspace.com/d2l/p/home/88704,GS 120: 1174 (Pathway); Fall 2017,88704
https://pathway.brightspace.com/d2l/p/home/88705,GS 120: 1175 (Pathway); Fall 2017,88705
https://pathway.brightspace.com/d2l/p/home/88706,GS 120: 1176 (Pathway); Fall 2017,88706
https://pathway.brightspace.com/d2l/p/home/88712,GS 120: 1177 (Pathway); Fall 2017,88712
https://pathway.brightspace.com/d2l/p/home/88719,GS 120: 1179 (Pathway); Fall 2017,88719
https://pathway.brightspace.com/d2l/p/home/88737,GS 120: 1180 (Pathway); Fall 2017,88737
https://pathway.brightspace.com/d2l/p/home/88751,GS 120: 1181 (Pathway); Fall 2017,88751
https://pathway.brightspace.com/d2l/p/home/88752,GS 120: 1182 (Pathway); Fall 2017,88752
https://pathway.brightspace.com/d2l/p/home/88753,GS 120: 1183 (Pathway); Fall 2017,88753
https://pathway.brightspace.com/d2l/p/home/88754,GS 120: 1184 (Pathway); Fall 2017,88754
https://pathway.brightspace.com/d2l/p/home/88755,GS 120: 1185 (Pathway); Fall 2017,88755
https://pathway.brightspace.com/d2l/p/home/88756,GS 120: 1186 (Pathway); Fall 2017,88756
https://pathway.brightspace.com/d2l/p/home/88757,GS 120: 1187 (Pathway); Fall 2017,88757
https://pathway.brightspace.com/d2l/p/home/88758,GS 120: 1188 (Pathway); Fall 2017,88758
https://pathway.brightspace.com/d2l/p/home/88759,GS 120: 1189 (Pathway); Fall 2017,88759
https://pathway.brightspace.com/d2l/p/home/88760,GS 120: 1190 (Pathway); Fall 2017,88760
https://pathway.brightspace.com/d2l/p/home/88761,GS 120: 1191 (Pathway); Fall 2017,88761
https://pathway.brightspace.com/d2l/p/home/88762,GS 120: 1192 (Pathway); Fall 2017,88762
https://pathway.brightspace.com/d2l/p/home/88773,GS 120: 1193 (Pathway); Fall 2017,88773
https://pathway.brightspace.com/d2l/p/home/88780,GS 120: 1194 (Pathway); Fall 2017,88780
https://pathway.brightspace.com/d2l/p/home/88781,GS 120: 1195 (Pathway); Fall 2017,88781
https://pathway.brightspace.com/d2l/p/home/88782,GS 120: 1196 (Pathway); Fall 2017,88782
https://pathway.brightspace.com/d2l/p/home/88783,GS 120: 1197 (Pathway); Fall 2017,88783
https://pathway.brightspace.com/d2l/p/home/88784,GS 120: 1198 (Pathway); Fall 2017,88784
https://pathway.brightspace.com/d2l/p/home/88785,GS 120: 1199 (Pathway); Fall 2017,88785
https://pathway.brightspace.com/d2l/p/home/88787,GS 120: 1201 (Pathway); Fall 2017,88787
https://pathway.brightspace.com/d2l/p/home/88788,GS 120: 1202 (Pathway); Fall 2017,88788
https://pathway.brightspace.com/d2l/p/home/88789,GS 120: 1203 (Pathway); Fall 2017,88789
https://pathway.brightspace.com/d2l/p/home/88790,GS 120: 1204 (Pathway); Fall 2017,88790
https://pathway.brightspace.com/d2l/p/home/88791,GS 120: 1205 (Pathway); Fall 2017,88791
https://pathway.brightspace.com/d2l/p/home/88792,GS 120: 1206 (Pathway); Fall 2017,88792
https://pathway.brightspace.com/d2l/p/home/88793,GS 120: 1207 (Pathway); Fall 2017,88793
https://pathway.brightspace.com/d2l/p/home/88795,GS 120: 1209 (Pathway); Fall 2017,88795
https://pathway.brightspace.com/d2l/p/home/95989,GS 120L Missionary Preview; (Fall 2017),95989
https://pathway.brightspace.com/d2l/p/home/89471,GS 120L: 1001 (Pathway); Fall 2017,89471
https://pathway.brightspace.com/d2l/p/home/89472,GS 120L: 1002 (Pathway); Fall 2017,89472
https://pathway.brightspace.com/d2l/p/home/89473,GS 120L: 1003 (Pathway); Fall 2017,89473
https://pathway.brightspace.com/d2l/p/home/89474,GS 120L: 1004 (Pathway); Fall 2017,89474
https://pathway.brightspace.com/d2l/p/home/89475,GS 120L: 1005 (Pathway); Fall 2017,89475
https://pathway.brightspace.com/d2l/p/home/89476,GS 120L: 1006 (Pathway); Fall 2017,89476
https://pathway.brightspace.com/d2l/p/home/89477,GS 120L: 1008 (Pathway); Fall 2017,89477
https://pathway.brightspace.com/d2l/p/home/89482,GS 120L: 1009 (Pathway); Fall 2017,89482
https://pathway.brightspace.com/d2l/p/home/89486,GS 120L: 1010 (Pathway); Fall 2017,89486
https://pathway.brightspace.com/d2l/p/home/89487,GS 120L: 1011 (Pathway); Fall 2017,89487
https://pathway.brightspace.com/d2l/p/home/89488,GS 120L: 1012 (Pathway); Fall 2017,89488
https://pathway.brightspace.com/d2l/p/home/89489,GS 120L: 1013 (Pathway); Fall 2017,89489
https://pathway.brightspace.com/d2l/p/home/89490,GS 120L: 1014 (Pathway); Fall 2017,89490
https://pathway.brightspace.com/d2l/p/home/89491,GS 120L: 1015 (Pathway); Fall 2017,89491
https://pathway.brightspace.com/d2l/p/home/89492,GS 120L: 1016 (Pathway); Fall 2017,89492
https://pathway.brightspace.com/d2l/p/home/89493,GS 120L: 1017 (Pathway); Fall 2017,89493
https://pathway.brightspace.com/d2l/p/home/89494,GS 120L: 1018 (Pathway); Fall 2017,89494
https://pathway.brightspace.com/d2l/p/home/89495,GS 120L: 1019 (Pathway); Fall 2017,89495
https://pathway.brightspace.com/d2l/p/home/89496,GS 120L: 1020 (Pathway); Fall 2017,89496
https://pathway.brightspace.com/d2l/p/home/89497,GS 120L: 1021 (Pathway); Fall 2017,89497
https://pathway.brightspace.com/d2l/p/home/89498,GS 120L: 1022 (Pathway); Fall 2017,89498
https://pathway.brightspace.com/d2l/p/home/89499,GS 120L: 1023 (Pathway); Fall 2017,89499
https://pathway.brightspace.com/d2l/p/home/89500,GS 120L: 1025 (Pathway); Fall 2017,89500
https://pathway.brightspace.com/d2l/p/home/89501,GS 120L: 1026 (Pathway); Fall 2017,89501
https://pathway.brightspace.com/d2l/p/home/89502,GS 120L: 1027 (Pathway); Fall 2017,89502
https://pathway.brightspace.com/d2l/p/home/89503,GS 120L: 1028 (Pathway); Fall 2017,89503
https://pathway.brightspace.com/d2l/p/home/89519,GS 120L: 1029 (Pathway); Fall 2017,89519
https://pathway.brightspace.com/d2l/p/home/89526,GS 120L: 1030 (Pathway); Fall 2017,89526
https://pathway.brightspace.com/d2l/p/home/89527,GS 120L: 1031 (Pathway); Fall 2017,89527
https://pathway.brightspace.com/d2l/p/home/89528,GS 120L: 1032 (Pathway); Fall 2017,89528
https://pathway.brightspace.com/d2l/p/home/89529,GS 120L: 1033 (Pathway); Fall 2017,89529
https://pathway.brightspace.com/d2l/p/home/89530,GS 120L: 1034 (Pathway); Fall 2017,89530
https://pathway.brightspace.com/d2l/p/home/89531,GS 120L: 1035 (Pathway); Fall 2017,89531
https://pathway.brightspace.com/d2l/p/home/89532,GS 120L: 1036 (Pathway); Fall 2017,89532
https://pathway.brightspace.com/d2l/p/home/89533,GS 120L: 1038 (Pathway); Fall 2017,89533
https://pathway.brightspace.com/d2l/p/home/89534,GS 120L: 1040 (Pathway); Fall 2017,89534
https://pathway.brightspace.com/d2l/p/home/89535,GS 120L: 1041 (Pathway); Fall 2017,89535
https://pathway.brightspace.com/d2l/p/home/89536,GS 120L: 1042 (Pathway); Fall 2017,89536
https://pathway.brightspace.com/d2l/p/home/89537,GS 120L: 1043 (Pathway); Fall 2017,89537
https://pathway.brightspace.com/d2l/p/home/89538,GS 120L: 1044 (Pathway); Fall 2017,89538
https://pathway.brightspace.com/d2l/p/home/89539,GS 120L: 1045 (Pathway); Fall 2017,89539
https://pathway.brightspace.com/d2l/p/home/89540,GS 120L: 1046 (Pathway); Fall 2017,89540
https://pathway.brightspace.com/d2l/p/home/89541,GS 120L: 1047 (Pathway); Fall 2017,89541
https://pathway.brightspace.com/d2l/p/home/89557,GS 120L: 1048 (Pathway); Fall 2017,89557
https://pathway.brightspace.com/d2l/p/home/89593,GS 120L: 1049 (Pathway); Fall 2017,89593
https://pathway.brightspace.com/d2l/p/home/89595,GS 120L: 1050 (Pathway); Fall 2017,89595
https://pathway.brightspace.com/d2l/p/home/89596,GS 120L: 1051 (Pathway); Fall 2017,89596
https://pathway.brightspace.com/d2l/p/home/89597,GS 120L: 1052 (Pathway); Fall 2017,89597
https://pathway.brightspace.com/d2l/p/home/89598,GS 120L: 1053 (Pathway); Fall 2017,89598
https://pathway.brightspace.com/d2l/p/home/89599,GS 120L: 1054 (Pathway); Fall 2017,89599
https://pathway.brightspace.com/d2l/p/home/89600,GS 120L: 1055 (Pathway); Fall 2017,89600
https://pathway.brightspace.com/d2l/p/home/89601,GS 120L: 1056 (Pathway); Fall 2017,89601
https://pathway.brightspace.com/d2l/p/home/89602,GS 120L: 1057 (Pathway); Fall 2017,89602
https://pathway.brightspace.com/d2l/p/home/89603,GS 120L: 1058 (Pathway); Fall 2017,89603
https://pathway.brightspace.com/d2l/p/home/89604,GS 120L: 1059 (Pathway); Fall 2017,89604
https://pathway.brightspace.com/d2l/p/home/89605,GS 120L: 1060 (Pathway); Fall 2017,89605
https://pathway.brightspace.com/d2l/p/home/89606,GS 120L: 1061 (Pathway); Fall 2017,89606
https://pathway.brightspace.com/d2l/p/home/89607,GS 120L: 1062 (Pathway); Fall 2017,89607
https://pathway.brightspace.com/d2l/p/home/89608,GS 120L: 1064 (Pathway); Fall 2017,89608
https://pathway.brightspace.com/d2l/p/home/89609,GS 120L: 1065 (Pathway); Fall 2017,89609
https://pathway.brightspace.com/d2l/p/home/89610,GS 120L: 1066 (Pathway); Fall 2017,89610
https://pathway.brightspace.com/d2l/p/home/89611,GS 120L: 1067 (Pathway); Fall 2017,89611
https://pathway.brightspace.com/d2l/p/home/89612,GS 120L: 1068 (Pathway); Fall 2017,89612
https://pathway.brightspace.com/d2l/p/home/89613,GS 120L: 1071 (Pathway); Fall 2017,89613
https://pathway.brightspace.com/d2l/p/home/89614,GS 120L: 1072 (Pathway); Fall 2017,89614
https://pathway.brightspace.com/d2l/p/home/89615,GS 120L: 1073 (Pathway); Fall 2017,89615
https://pathway.brightspace.com/d2l/p/home/89616,GS 120L: 1074 (Pathway); Fall 2017,89616
https://pathway.brightspace.com/d2l/p/home/89617,GS 120L: 1075 (Pathway); Fall 2017,89617
https://pathway.brightspace.com/d2l/p/home/89618,GS 120L: 1076 (Pathway); Fall 2017,89618
https://pathway.brightspace.com/d2l/p/home/89633,GS 120L: 1077 (Pathway); Fall 2017,89633
https://pathway.brightspace.com/d2l/p/home/89655,GS 120L: 1078 (Pathway); Fall 2017,89655
https://pathway.brightspace.com/d2l/p/home/89680,GS 120L: 1079 (Pathway); Fall 2017,89680
https://pathway.brightspace.com/d2l/p/home/89685,GS 120L: 1080 (Pathway); Fall 2017,89685
https://pathway.brightspace.com/d2l/p/home/89686,GS 120L: 1081 (Pathway); Fall 2017,89686
https://pathway.brightspace.com/d2l/p/home/89687,GS 120L: 1082 (Pathway); Fall 2017,89687
https://pathway.brightspace.com/d2l/p/home/89688,GS 120L: 1083 (Pathway); Fall 2017,89688
https://pathway.brightspace.com/d2l/p/home/89689,GS 120L: 1084 (Pathway); Fall 2017,89689
https://pathway.brightspace.com/d2l/p/home/89690,GS 120L: 1085 (Pathway); Fall 2017,89690
https://pathway.brightspace.com/d2l/p/home/89691,GS 120L: 1086 (Pathway); Fall 2017,89691
https://pathway.brightspace.com/d2l/p/home/89692,GS 120L: 1087 (Pathway); Fall 2017,89692
https://pathway.brightspace.com/d2l/p/home/89693,GS 120L: 1088 (Pathway); Fall 2017,89693
https://pathway.brightspace.com/d2l/p/home/89694,GS 120L: 1089 (Pathway); Fall 2017,89694
https://pathway.brightspace.com/d2l/p/home/89695,GS 120L: 1091 (Pathway); Fall 2017,89695
https://pathway.brightspace.com/d2l/p/home/89696,GS 120L: 1093 (Pathway); Fall 2017,89696
https://pathway.brightspace.com/d2l/p/home/89697,GS 120L: 1094 (Pathway); Fall 2017,89697
https://pathway.brightspace.com/d2l/p/home/89698,GS 120L: 1095 (Pathway); Fall 2017,89698
https://pathway.brightspace.com/d2l/p/home/89699,GS 120L: 1096 (Pathway); Fall 2017,89699
https://pathway.brightspace.com/d2l/p/home/89700,GS 120L: 1097 (Pathway); Fall 2017,89700
https://pathway.brightspace.com/d2l/p/home/89701,GS 120L: 1098 (Pathway); Fall 2017,89701
https://pathway.brightspace.com/d2l/p/home/89702,GS 120L: 1099 (Pathway); Fall 2017,89702
https://pathway.brightspace.com/d2l/p/home/89703,GS 120L: 1100 (Pathway); Fall 2017,89703
https://pathway.brightspace.com/d2l/p/home/89704,GS 120L: 1113 (Pathway); Fall 2017,89704
https://pathway.brightspace.com/d2l/p/home/89705,GS 120L: 1114 (Pathway); Fall 2017,89705
https://pathway.brightspace.com/d2l/p/home/89706,GS 120L: 1116 (Pathway); Fall 2017,89706
https://pathway.brightspace.com/d2l/p/home/95997,MATH 100G Missionary Preview; (Fall 2017),95997
https://pathway.brightspace.com/d2l/p/home/88796,MATH 100G: 1001 (Pathway); Fall 2017,88796
https://pathway.brightspace.com/d2l/p/home/88797,MATH 100G: 1002 (Pathway); Fall 2017,88797
https://pathway.brightspace.com/d2l/p/home/88798,MATH 100G: 1003 (Pathway); Fall 2017,88798
https://pathway.brightspace.com/d2l/p/home/88799,MATH 100G: 1004 (Pathway); Fall 2017,88799
https://pathway.brightspace.com/d2l/p/home/88800,MATH 100G: 1005 (Pathway); Fall 2017,88800
https://pathway.brightspace.com/d2l/p/home/88801,MATH 100G: 1006 (Pathway); Fall 2017,88801
https://pathway.brightspace.com/d2l/p/home/88802,MATH 100G: 1007 (Pathway); Fall 2017,88802
https://pathway.brightspace.com/d2l/p/home/88803,MATH 100G: 1008 (Pathway); Fall 2017,88803
https://pathway.brightspace.com/d2l/p/home/88804,MATH 100G: 1009 (Pathway); Fall 2017,88804
https://pathway.brightspace.com/d2l/p/home/88805,MATH 100G: 1010 (Pathway); Fall 2017,88805
https://pathway.brightspace.com/d2l/p/home/88806,MATH 100G: 1011 (Pathway); Fall 2017,88806
https://pathway.brightspace.com/d2l/p/home/88817,MATH 100G: 1012 (Pathway); Fall 2017,88817
https://pathway.brightspace.com/d2l/p/home/88859,MATH 100G: 1013 (Pathway); Fall 2017,88859
https://pathway.brightspace.com/d2l/p/home/88860,MATH 100G: 1014 (Pathway); Fall 2017,88860
https://pathway.brightspace.com/d2l/p/home/88870,MATH 100G: 1017 (Pathway); Fall 2017,88870
https://pathway.brightspace.com/d2l/p/home/89004,MATH 100G: 1018 (Pathway); Fall 2017,89004
https://pathway.brightspace.com/d2l/p/home/89010,MATH 100G: 1019 (Pathway); Fall 2017,89010
https://pathway.brightspace.com/d2l/p/home/89023,MATH 100G: 1020 (Pathway); Fall 2017,89023
https://pathway.brightspace.com/d2l/p/home/89024,MATH 100G: 1021 (Pathway); Fall 2017,89024
https://pathway.brightspace.com/d2l/p/home/89028,MATH 100G: 1022 (Pathway); Fall 2017,89028
https://pathway.brightspace.com/d2l/p/home/89039,MATH 100G: 1023 (Pathway); Fall 2017,89039
https://pathway.brightspace.com/d2l/p/home/89040,MATH 100G: 1024 (Pathway); Fall 2017,89040
https://pathway.brightspace.com/d2l/p/home/96039,MATH 100L Missionary Preview; (Fall 2017),96039
https://pathway.brightspace.com/d2l/p/home/88882,MATH 100L: 1001 (Pathway); Fall 2017,88882
https://pathway.brightspace.com/d2l/p/home/88893,MATH 100L: 1002 (Pathway); Fall 2017,88893
https://pathway.brightspace.com/d2l/p/home/88894,MATH 100L: 1003 (Pathway); Fall 2017,88894
https://pathway.brightspace.com/d2l/p/home/88895,MATH 100L: 1004 (Pathway); Fall 2017,88895
https://pathway.brightspace.com/d2l/p/home/88896,MATH 100L: 1005 (Pathway); Fall 2017,88896
https://pathway.brightspace.com/d2l/p/home/88897,MATH 100L: 1006 (Pathway); Fall 2017,88897
https://pathway.brightspace.com/d2l/p/home/88898,MATH 100L: 1007 (Pathway); Fall 2017,88898
https://pathway.brightspace.com/d2l/p/home/88899,MATH 100L: 1008 (Pathway); Fall 2017,88899
https://pathway.brightspace.com/d2l/p/home/88900,MATH 100L: 1009 (Pathway); Fall 2017,88900
https://pathway.brightspace.com/d2l/p/home/88906,MATH 100L: 1010 (Pathway); Fall 2017,88906
https://pathway.brightspace.com/d2l/p/home/88923,MATH 100L: 1011 (Pathway); Fall 2017,88923
https://pathway.brightspace.com/d2l/p/home/88924,MATH 100L: 1012 (Pathway); Fall 2017,88924
https://pathway.brightspace.com/d2l/p/home/88925,MATH 100L: 1013 (Pathway); Fall 2017,88925
https://pathway.brightspace.com/d2l/p/home/88926,MATH 100L: 1014 (Pathway); Fall 2017,88926
https://pathway.brightspace.com/d2l/p/home/88927,MATH 100L: 1015 (Pathway); Fall 2017,88927
https://pathway.brightspace.com/d2l/p/home/88928,MATH 100L: 1016 (Pathway); Fall 2017,88928
https://pathway.brightspace.com/d2l/p/home/88929,MATH 100L: 1017 (Pathway); Fall 2017,88929
https://pathway.brightspace.com/d2l/p/home/88930,MATH 100L: 1018 (Pathway); Fall 2017,88930
https://pathway.brightspace.com/d2l/p/home/88931,MATH 100L: 1019 (Pathway); Fall 2017,88931
https://pathway.brightspace.com/d2l/p/home/88932,MATH 100L: 1020 (Pathway); Fall 2017,88932
https://pathway.brightspace.com/d2l/p/home/88933,MATH 100L: 1021 (Pathway); Fall 2017,88933
https://pathway.brightspace.com/d2l/p/home/88934,MATH 100L: 1022 (Pathway); Fall 2017,88934
https://pathway.brightspace.com/d2l/p/home/88935,MATH 100L: 1023 (Pathway); Fall 2017,88935
https://pathway.brightspace.com/d2l/p/home/88936,MATH 100L: 1024 (Pathway); Fall 2017,88936
https://pathway.brightspace.com/d2l/p/home/88937,MATH 100L: 1025 (Pathway); Fall 2017,88937
https://pathway.brightspace.com/d2l/p/home/88938,MATH 100L: 1026 (Pathway); Fall 2017,88938
https://pathway.brightspace.com/d2l/p/home/88939,MATH 100L: 1027 (Pathway); Fall 2017,88939
https://pathway.brightspace.com/d2l/p/home/88940,MATH 100L: 1028 (Pathway); Fall 2017,88940
https://pathway.brightspace.com/d2l/p/home/88941,MATH 100L: 1029 (Pathway); Fall 2017,88941
https://pathway.brightspace.com/d2l/p/home/88942,MATH 100L: 1030 (Pathway); Fall 2017,88942
https://pathway.brightspace.com/d2l/p/home/88943,MATH 100L: 1031 (Pathway); Fall 2017,88943
https://pathway.brightspace.com/d2l/p/home/88944,MATH 100L: 1032 (Pathway); Fall 2017,88944
https://pathway.brightspace.com/d2l/p/home/88945,MATH 100L: 1033 (Pathway); Fall 2017,88945
https://pathway.brightspace.com/d2l/p/home/88946,MATH 100L: 1034 (Pathway); Fall 2017,88946
https://pathway.brightspace.com/d2l/p/home/88947,MATH 100L: 1035 (Pathway); Fall 2017,88947
https://pathway.brightspace.com/d2l/p/home/88948,MATH 100L: 1036 (Pathway); Fall 2017,88948
https://pathway.brightspace.com/d2l/p/home/88949,MATH 100L: 1037 (Pathway); Fall 2017,88949
https://pathway.brightspace.com/d2l/p/home/88950,MATH 100L: 1038 (Pathway); Fall 2017,88950
https://pathway.brightspace.com/d2l/p/home/88951,MATH 100L: 1039 (Pathway); Fall 2017,88951